エンティティ,出現回数,最終更新
2.  伝達関数,3,2026-01-11 21:56
1. ラプラス変換,2,2026-01-11 21:56
1.  フーリエ変換,2,2026-01-11 21:56
1. フーリエ変換,2,2026-01-11 21:56
3. 信号処理,2,2026-01-11 21:56
1. 世論操作,1,2026-01-11 21:56
2. 民主主義,1,2026-01-11 21:56
1.  グリーン関数,1,2026-01-11 21:56
2.  積分核,1,2026-01-11 21:56
3.  ボルテラ積分方程式,1,2026-01-11 21:56
1. 保護責任,1,2026-01-11 21:56
2. 国際法,1,2026-01-11 21:56
3. 国際秩序,1,2026-01-11 21:56
1. 傅立葉變換,1,2026-01-11 21:56
2. 線性時不變系統,1,2026-01-11 21:56
3. 畳込積分,1,2026-01-11 21:56
4. 互相關,1,2026-01-11 21:56
1.  貴族政治,1,2026-01-11 21:56
2.  門閥制度,1,2026-01-11 21:56
3.  政治腐敗,1,2026-01-11 21:56
4.  階級固定,1,2026-01-11 21:56
5.  政治公平性,1,2026-01-11 21:56
1. 制御理論,1,2026-01-11 21:56
2. フィードバック制御,1,2026-01-11 21:56
1.  利益相反,1,2026-01-11 21:56
2.  圧力団体,1,2026-01-11 21:56
3.  政治献金,1,2026-01-11 21:56
1. カルマンフィルタ,1,2026-01-11 21:56
2. 可制御性,1,2026-01-11 21:56
3. 可観測性,1,2026-01-11 21:56
4. 状態空間表現,1,2026-01-11 21:56
5. フレーム問題（システム挙動全体像から連想）,1,2026-01-11 21:56
1. 法治主義,1,2026-01-11 21:56
2. 基本的人権,1,2026-01-11 21:56
3. 権力分立,1,2026-01-11 21:56
1. ハミルトニアン,1,2026-01-11 21:56
2. 動的計画法,1,2026-01-11 21:56
3. カルマンフィルタ,1,2026-01-11 21:56
4. モデル予測制御,1,2026-01-11 21:56
5. 複雑系,1,2026-01-11 21:56
1. グローバル秩序,1,2026-01-11 21:56
2. 孤立主義,1,2026-01-11 21:56
3. 保護貿易,1,2026-01-11 21:56
1.  フーリエ,1,2026-01-11 21:56
2.  ウェーブレット変換,1,2026-01-11 21:56
3.  スペクトル分析,1,2026-01-11 21:56
1. 社会主義,1,2026-01-11 21:56
2. 共和党,1,2026-01-11 21:56
3. ベネズエラ,1,2026-01-11 21:56
4. マドゥーロ,1,2026-01-11 21:56
5. 対キューバ政策,1,2026-01-11 21:56
2. ボード線図,1,2026-01-11 21:56
3. 状態空間表現,1,2026-01-11 21:56
4. 制御理論,1,2026-01-11 21:56
5. システム分析,1,2026-01-11 21:56
1. チャベス,1,2026-01-11 21:56
2. グアイド,1,2026-01-11 21:56
3. 社会主義,1,2026-01-11 21:56
4. ベネズエラ危機,1,2026-01-11 21:56
5. 二重権力状態,1,2026-01-11 21:56
3.  複素数,1,2026-01-11 21:56
4.  微分方程式,1,2026-01-11 21:56
5.  制御工学,1,2026-01-11 21:56
1. フーリエ (傅立葉),1,2026-01-11 21:56
2. フーリエ変換,1,2026-01-11 21:56
3. スペクトル分析,1,2026-01-11 21:56
4. 信号分析,1,2026-01-11 21:56
5. 画像処理,1,2026-01-11 21:56
1.  なし,1,2026-01-11 21:56
1. 奈奎斯特 (Nyquist),1,2026-01-11 21:56
2. 伯德 (Bode),1,2026-01-11 21:56
3. 伝達関数 (Transfer Function),1,2026-01-11 21:56
1.  ナイキスト,1,2026-01-11 21:56
3.  ゲイン余裕,1,2026-01-11 21:56
4.  位相余裕,1,2026-01-11 21:56
2.  制御理論,1,2026-01-11 21:56
1.  デルタ関数,1,2026-01-11 21:56
2.  偏微分方程式,1,2026-01-11 21:56
3.  積分核,1,2026-01-11 21:56
1. グリーン関数,1,2026-01-11 21:56
2. ヒルベルトシュミット理論,1,2026-01-11 21:56
3. ヴォルテラ積分方程式,1,2026-01-11 21:56
2. ラプラス変換,1,2026-01-11 21:56
3. 積分核,1,2026-01-11 21:56
1.  （該当なし）,1,2026-01-11 21:56
2.  フィードバック制御,1,2026-01-11 21:56
3.  システム同定,1,2026-01-11 21:56
4.  制御パラメータ,1,2026-01-11 21:56
5.  （該当なし）,1,2026-01-11 21:56
1. カールマンフィルタ (カルマン濾波),1,2026-01-11 21:56
2. 最適制御 (最佳控制),1,2026-01-11 21:56
3. 線形システム (線性系統),1,2026-01-11 21:56
1. 動的計画法,1,2026-01-11 21:56
2. カルマンフィルタ,1,2026-01-11 21:56
3. モデル予測制御,1,2026-01-11 21:56
1.  なし (提示された要約には、優先順位の高い人物概念は含まれていません),1,2026-01-11 21:56
2. 線形時不変システム,1,2026-01-11 21:56
3. 周波数応答,1,2026-01-11 21:56
4. 安定性,1,2026-01-11 21:56
5. 制御システム,1,2026-01-11 21:56
1. フーリエ (Fourier),1,2026-01-11 21:56
2. 調和解析 (Harmonic Analysis),1,2026-01-11 21:56
3. 傅立葉変換 (Fourier Transform),1,2026-01-11 21:56
4. 周波数解析 (Frequency Analysis),1,2026-01-11 21:56
5. 量子力学 (Quantum Mechanics),1,2026-01-11 21:56
1. 傅立葉,1,2026-01-11 21:56
2. ウェーブレット変換,1,2026-01-11 21:56
4. 周波数分析,1,2026-01-11 21:56
5. （なし）,1,2026-01-11 21:56
1. 傅立葉変換,1,2026-01-11 21:56
2. スペクトル分析,1,2026-01-11 21:56
4. 波動,1,2026-01-11 21:56
1.  なし (哲学者思想家小説家),1,2026-01-11 21:56
3.  周波数応答,1,2026-01-11 21:56
4.  逆ラプラス変換,1,2026-01-11 21:56
5.  (微分方程式),1,2026-01-11 21:56
1.  伝達関数,1,2026-01-11 21:56
2.  ボード線図,1,2026-01-11 21:56
3.  ナイキスト線図,1,2026-01-11 21:56
